2026-09-29 15:42:32,12,70.0,840.0,Month-to-month,DSL,0.22,840.0,3276.0,Low Risk - High Loyalty,Standard Loyalty Perks & Cross-sell Add-ons
timestamp,tenure,MonthlyCharges,TotalCharges,Contract,InternetService,churn_probability,historic_ltv,expected_future_ltv,customer_segment,recommended_action
2026-09-29 15:42:32,12,70.0,840.0,Month-to-month,DSL,0.22,840.0,3276.0,Low Risk - High Loyalty,Standard Loyalty Perks & Cross-sell Add-ons
2026-09-29 15:42:32,12,70.0,840.0,Month-to-month,DSL,0.22,840.0,3276.0,Low Risk - High Loyalty,Standard Loyalty Perks & Cross-sell Add-ons
2026-09-29 15:45:25,12,70.0,840.0,Month-to-month,DSL,0.22,840.0,3276.0,Low Risk - High Loyalty,Standard Loyalty Perks & Cross-sell Add-ons
2026-09-29 15:45:25,12,70.0,840.0,Month-to-month,DSL,0.22,840.0,3276.0,Low Risk - High Loyalty,Standard Loyalty Perks & Cross-sell Add-ons
2026-09-29 15:45:25,12,70.0,840.0,Month-to-month,DSL,0.22,840.0,3276.0,Low Risk - High Loyalty,Standard Loyalty Perks & Cross-sell Add-ons
2026-09-29 15:45:25,12,70.0,840.0,Month-to-month,DSL,0.22,840.0,3276.0,Low Risk - High Loyalty,Standard Loyalty Perks & Cross-sell Add-ons
2026-09-29 15:45:25,12,70.0,840.0,Month-to-month,DSL,0.22,840.0,3276.0,Low Risk - High Loyalty,Standard Loyalty Perks & Cross-sell Add-ons
2026-09-29 15:45:25,12,70.0,840.0,Month-to-month,DSL,0.22,840.0,3276.0,Low Risk - High Loyalty,Standard Loyalty Perks & Cross-sell Add-ons
2026-09-29 15:45:26,12,70.0,840.0,Month-to-month,DSL,0.22,840.0,3276.0,Low Risk - High Loyalty,Standard Loyalty Perks & Cross-sell Add-ons
2026-09-29 15:45:26,12,70.0,840.0,Month-to-month,DSL,0.22,840.0,3276.0,Low Risk - High Loyalty,Standard Loyalty Perks & Cross-sell Add-ons
2026-09-29 15:45:26,12,70.0,840.0,Month-to-month,DSL,0.22,840.0,3276.0,Low Risk - High Loyalty,Standard Loyalty Perks & Cross-sell Add-ons
2026-09-29 15:45:45,12,70.0,840.0,Month-to-month,DSL,0.22,840.0,3276.0,Low Risk - High Loyalty,Standard Loyalty Perks & Cross-sell Add-ons
2026-09-29 15:45:45,12,70.0,840.0,Month-to-month,DSL,0.22,840.0,3276.0,Low Risk - High Loyalty,Standard Loyalty Perks & Cross-sell Add-ons
2026-09-29 15:45:49,12,70.0,840.0,Month-to-month,DSL,0.22,840.0,3276.0,Low Risk - High Loyalty,Standard Loyalty Perks & Cross-sell Add-ons
2026-09-29 15:45:50,12,70.0,840.0,Month-to-month,DSL,0.22,840.0,3276.0,Low Risk - High Loyalty,Standard Loyalty Perks & Cross-sell Add-ons
2026-09-29 15:45:50,12,70.0,840.0,Month-to-month,DSL,0.22,840.0,3276.0,Low Risk - High Loyalty,Standard Loyalty Perks & Cross-sell Add-ons
2026-09-29 15:45:50,12,70.0,840.0,Month-to-month,DSL,0.22,840.0,3276.0,Low Risk - High Loyalty,Standard Loyalty Perks & Cross-sell Add-ons
2026-09-29 15:45:51,12,70.0,840.0,Month-to-month,DSL,0.22,840.0,3276.0,Low Risk - High Loyalty,Standard Loyalty Perks & Cross-sell Add-ons
2026-09-29 15:45:51,12,70.0,840.0,Month-to-month,DSL,0.22,840.0,3276.0,Low Risk - High Loyalty,Standard Loyalty Perks & Cross-sell Add-ons
2026-09-29 15:45:51,12,70.0,840.0,Month-to-month,DSL,0.22,840.0,3276.0,Low Risk - High Loyalty,Standard Loyalty Perks & Cross-sell Add-ons
2026-09-29 15:45:52,12,70.0,840.0,Month-to-month,DSL,0.22,840.0,3276.0,Low Risk - High Loyalty,Standard Loyalty Perks & Cross-sell Add-ons
2026-09-29 15:45:59,12,70.0,840.0,Month-to-month,DSL,0.22,840.0,3276.0,Low Risk - High Loyalty,Standard Loyalty Perks & Cross-sell Add-ons
2026-09-29 15:45:59,12,70.0,840.0,Month-to-month,DSL,0.22,840.0,3276.0,Low Risk - High Loyalty,Standard Loyalty Perks & Cross-sell Add-ons
2026-09-29 15:46:03,12,70.0,840.0,Month-to-month,DSL,0.22,840.0,3276.0,Low Risk - High Loyalty,Standard Loyalty Perks & Cross-sell Add-ons
2026-09-29 15:46:03,12,70.0,840.0,Month-to-month,DSL,0.22,840.0,3276.0,Low Risk - High Loyalty,Standard Loyalty Perks & Cross-sell Add-ons
2026-09-29 15:46:03,12,70.0,840.0,Month-to-month,DSL,0.22,840.0,3276.0,Low Risk - High Loyalty,Standard Loyalty Perks & Cross-sell Add-ons
2026-09-29 15:46:03,12,70.0,840.0,Month-to-month,DSL,0.22,840.0,3276.0,Low Risk - High Loyalty,Standard Loyalty Perks & Cross-sell Add-ons
2026-09-29 15:46:04,12,70.0,840.0,Month-to-month,DSL,0.22,840.0,3276.0,Low Risk - High Loyalty,Standard Loyalty Perks & Cross-sell Add-ons
2026-09-29 15:46:10,12,70.0,840.0,Month-to-month,DSL,0.22,840.0,3276.0,Low Risk - High Loyalty,Standard Loyalty Perks & Cross-sell Add-ons
2026-09-29 15:46:10,12,70.0,840.0,Month-to-month,DSL,0.22,840.0,3276.0,Low Risk - High Loyalty,Standard Loyalty Perks & Cross-sell Add-ons
2026-09-29 15:46:10,12,70.0,840.0,Month-to-month,DSL,0.22,840.0,3276.0,Low Risk - High Loyalty,Standard Loyalty Perks & Cross-sell Add-ons
2026-09-29 15:46:10,12,70.0,840.0,Month-to-month,DSL,0.22,840.0,3276.0,Low Risk - High Loyalty,Standard Loyalty Perks & Cross-sell Add-ons
2026-09-29 15:46:11,12,70.0,840.0,Month-to-month,DSL,0.22,840.0,3276.0,Low Risk - High Loyalty,Standard Loyalty Perks & Cross-sell Add-ons
2026-10-01 23:37:18,12,70.0,840.0,Month-to-month,DSL,0.22,840.0,3276.0,Low Risk - High Loyalty,Standard Loyalty Perks & Cross-sell Add-ons
2026-10-01 23:37:32,12,70.0,840.0,Month-to-month,DSL,0.22,840.0,3276.0,Low Risk - High Loyalty,Standard Loyalty Perks & Cross-sell Add-ons
2026-10-01 23:37:35,12,70.0,840.0,Month-to-month,DSL,0.22,840.0,3276.0,Low Risk - High Loyalty,Standard Loyalty Perks & Cross-sell Add-ons
2026-10-01 23:37:35,12,70.0,840.0,Month-to-month,DSL,0.22,840.0,3276.0,Low Risk - High Loyalty,Standard Loyalty Perks & Cross-sell Add-ons
2026-10-01 23:38:02,12,70.0,840.0,Month-to-month,DSL,0.22,840.0,3276.0,Low Risk - High Loyalty,Standard Loyalty Perks & Cross-sell Add-ons
2026-10-01 23:38:02,12,70.0,840.0,Month-to-month,DSL,0.22,840.0,3276.0,Low Risk - High Loyalty,Standard Loyalty Perks & Cross-sell Add-ons
2026-10-01 23:38:41,12,70.0,840.0,Month-to-month,DSL,0.22,840.0,3276.0,Low Risk - High Loyalty,Standard Loyalty Perks & Cross-sell Add-ons
2026-10-01 23:38:41,12,70.0,840.0,Month-to-month,DSL,0.22,840.0,3276.0,Low Risk - High Loyalty,Standard Loyalty Perks & Cross-sell Add-ons
2026-10-01 23:38:44,12,70.0,840.0,Month-to-month,DSL,0.22,840.0,3276.0,Low Risk - High Loyalty,Standard Loyalty Perks & Cross-sell Add-ons
2026-10-01 23:38:45,12,70.0,840.0,Month-to-month,DSL,0.22,840.0,3276.0,Low Risk - High Loyalty,Standard Loyalty Perks & Cross-sell Add-ons
2026-10-01 23:38:49,12,70.0,840.0,Month-to-month,DSL,0.22,840.0,3276.0,Low Risk - High Loyalty,Standard Loyalty Perks & Cross-sell Add-ons
2026-10-01 23:38:49,12,70.0,840.0,Month-to-month,DSL,0.22,840.0,3276.0,Low Risk - High Loyalty,Standard Loyalty Perks & Cross-sell Add-ons
2026-10-01 23:41:23,48,90.5,4584.0,Two year,Fiber optic,0.22,4344.0,1694.16,Low Risk - High Loyalty,Standard Loyalty Perks & Cross-sell Add-ons
